FILE NAME,TYPE,FILED AS OF DATE,ACCEPTANCE DATETIME,ITEM INFORMATION
0001104659-15-074550,8-K,20151030,20151030163016,Unregistered Sales of Equity Securities
0000009389-16-000039,8-K,20160701,20160701171104,Regulation FD Disclosure
0000009389-14-000015,8-K,20141030,20141030104315,Results of Operations and Financial Condition
0000009389-14-000015,8-K,20141030,20141030104315,Departure of Directors or Certain Officers; Election of Directors; Appointment of Certain Officers: Compensatory Arrangements of Certain Officers
0000009389-14-000015,8-K,20141030,20141030104315,Amendments to Articles of Incorporation or Bylaws; Change in Fiscal Year
0000009389-14-000015,8-K,20141030,20141030104315,Financial Statements and Exhibits
0000009389-19-000039,8-K,20191024,20191024152158,Departure of Directors or Certain Officers; Election of Directors; Appointment of Certain Officers: Compensatory Arrangements of Certain Officers
0000009389-19-000039,8-K,20191024,20191024152158,Amendments to Articles of Incorporation or Bylaws; Change in Fiscal Year
0000009389-13-000023,8-K,20131024,20131024085748,Results of Operations and Financial Condition
0000009389-13-000023,8-K,20131024,20131024085748,Financial Statements and Exhibits
0000009389-10-000021,8-K,20100430,20100430160223,Submission of Matters to a Vote of Security Holders
0000009389-23-000041,8-K,20231102,20231102081121,Results of Operations and Financial Condition
0000009389-23-000041,8-K,20231102,20231102081121,Financial Statements and Exhibits
0000009389-15-000015,8-K,20150730,20150730103242,Results of Operations and Financial Condition
0000009389-15-000015,8-K,20150730,20150730103242,Amendments to Articles of Incorporation or Bylaws; Change in Fiscal Year
0000009389-15-000015,8-K,20150730,20150730103242,Submission of Matters to a Vote of Security Holders
0000009389-15-000015,8-K,20150730,20150730103242,Financial Statements and Exhibits
0000009389-20-000048,8-K,20201207,20201207133638,Amendments to Articles of Incorporation or Bylaws; Change in Fiscal Year
0001104659-13-040371,8-K,20130510,20130510171047,Entry into a Material Definitive Agreement
0001104659-13-040371,8-K,20130510,20130510171047,Financial Statements and Exhibits
0000009389-17-000042,8-K,20171108,20171108151114,Other Events
0001104659-16-131284,8-K,20160706,20160706162847,Completion of Acquisition or Disposition of Assets
0001104659-16-131284,8-K,20160706,20160706162847,Unregistered Sales of Equity Securities
0001104659-16-131284,8-K,20160706,20160706162847,Financial Statements and Exhibits
0001104659-12-020743,8-K,20120323,20120323164629,Other Events
0000009389-17-000044,8-K,20171128,20171128171812,Departure of Directors or Certain Officers; Election of Directors; Appointment of Certain Officers: Compensatory Arrangements of Certain Officers
0000009389-17-000044,8-K,20171128,20171128171812,Financial Statements and Exhibits
0000009389-23-000043,8-K,20231106,20231106163330,Other Events
0000009389-18-000014,8-K,20180906,20180906124735,Departure of Directors or Certain Officers; Election of Directors; Appointment of Certain Officers: Compensatory Arrangements of Certain Officers
0000009389-18-000014,8-K,20180906,20180906124735,Amendments to Articles of Incorporation or Bylaws; Change in Fiscal Year
0000009389-18-000014,8-K,20180906,20180906124735,Financial Statements and Exhibits
0000009389-11-000047,8-K,20111103,20111103154429,Other Events
0000009389-20-000043,8-K,20201203,20201203114743,Departure of Directors or Certain Officers; Election of Directors; Appointment of Certain Officers: Compensatory Arrangements of Certain Officers
0000009389-20-000043,8-K,20201203,20201203114743,Financial Statements and Exhibits
0000009389-16-000044,8-K,20160804,20160804104501,Results of Operations and Financial Condition
0000009389-22-000005,8-K,20220128,20220128164851,Amendments to Articles of Incorporation or Bylaws; Change in Fiscal Year
0000009389-22-000005,8-K,20220128,20220128164851,Regulation FD Disclosure
0000009389-22-000005,8-K,20220128,20220128164851,Other Events
0000009389-22-000005,8-K,20220128,20220128164851,Financial Statements and Exhibits
0000009389-12-000008,8-K,20120426,20120426104654,Results of Operations and Financial Condition
0000009389-12-000008,8-K,20120426,20120426104654,Submission of Matters to a Vote of Security Holders
0000009389-12-000008,8-K,20120426,20120426104654,Financial Statements and Exhibits
0000009389-19-000034,8-K,20190904,20190903175806,Other Events
0001104659-15-046753,8-K,20150623,20150622182837,Regulation FD Disclosure
0001104659-15-046753,8-K,20150623,20150622182837,Financial Statements and Exhibits
0000009389-19-000010,8-K,20190215,20190215165852,Other Events
0001104659-21-115513,8-K,20210914,20210914163043,Entry into a Material Definitive Agreement
0001104659-21-115513,8-K,20210914,20210914163043,Creation of a Direct Financial Obligation or an Obligation under an Off-Balance Sheet Arrangement of a Registrant
0001104659-21-115513,8-K,20210914,20210914163043,Financial Statements and Exhibits
0000009389-17-000004,8-K,20170202,20170202105139,Results of Operations and Financial Condition
0000009389-17-000004,8-K,20170202,20170202105139,Financial Statements and Exhibits
0000009389-17-000018,8-K,20170505,20170505131739,Amendments to Articles of Incorporation or Bylaws; Change in Fiscal Year
0000009389-17-000018,8-K,20170505,20170505131739,Financial Statements and Exhibits
0000009389-21-000193,8-K,20211104,20211104085440,Results of Operations and Financial Condition
0000009389-21-000193,8-K,20211104,20211104085440,Financial Statements and Exhibits
0000009389-11-000045,8-K,20111027,20111027104304,Results of Operations and Financial Condition
0000009389-11-000045,8-K,20111027,20111027104304,Financial Statements and Exhibits
0000009389-16-000021,8-K,20160128,20160128104552,Results of Operations and Financial Condition
0000009389-16-000021,8-K,20160128,20160128104552,Financial Statements and Exhibits
0000009389-12-000003,8-K,20120126,20120126092457,Results of Operations and Financial Condition
0000009389-12-000003,8-K,20120126,20120126092457,Amendments to Articles of Incorporation or Bylaws; Change in Fiscal Year
0000009389-12-000003,8-K,20120126,20120126092457,Other Events
0000009389-12-000003,8-K,20120126,20120126092457,Financial Statements and Exhibits
0001104659-10-015787,8-K,20100323,20100323105743,Entry into a Material Definitive Agreement
0001104659-10-015787,8-K,20100323,20100323105743,Creation of a Direct Financial Obligation or an Obligation under an Off-Balance Sheet Arrangement of a Registrant
0001104659-10-015787,8-K,20100323,20100323105743,Triggering Events That Accelerate or Increase a Direct Financial Obligation or an Obligation under an Off-Balance Sheet Arrangement
0001104659-10-015787,8-K,20100323,20100323105743,Financial Statements and Exhibits
0001104659-15-069105,8-K,20151005,20151005160524,Regulation FD Disclosure
0001104659-15-069105,8-K,20151005,20151005160524,Financial Statements and Exhibits
0001104659-24-028866,8-K,20240229,20240228192705,Other Events
0001104659-24-028866,8-K,20240229,20240228192705,Financial Statements and Exhibits
0000009389-17-000036,8-K,20171024,20171024170452,Departure of Directors or Certain Officers; Election of Directors; Appointment of Certain Officers: Compensatory Arrangements of Certain Officers
0000009389-17-000036,8-K,20171024,20171024170452,Amendments to Articles of Incorporation or Bylaws; Change in Fiscal Year
0000009389-17-000036,8-K,20171024,20171024170452,Financial Statements and Exhibits
0000009389-21-000047,8-K,20210204,20210204084712,Results of Operations and Financial Condition
0000009389-21-000047,8-K,20210204,20210204084712,Financial Statements and Exhibits
0000009389-13-000012,8-K,20130425,20130425104505,Entry into a Material Definitive Agreement
0000009389-13-000012,8-K,20130425,20130425104505,Results of Operations and Financial Condition
0000009389-13-000012,8-K,20130425,20130425104505,Departure of Directors or Certain Officers; Election of Directors; Appointment of Certain Officers: Compensatory Arrangements of Certain Officers
0000009389-13-000012,8-K,20130425,20130425104505,Amendments to Articles of Incorporation or Bylaws; Change in Fiscal Year
0000009389-13-000012,8-K,20130425,20130425104505,Submission of Matters to a Vote of Security Holders
0000009389-13-000012,8-K,20130425,20130425104505,Financial Statements and Exhibits
0001104659-15-032822,8-K,20150501,20150501060120,Regulation FD Disclosure
0001104659-15-032822,8-K,20150501,20150501060120,Financial Statements and Exhibits
0000009389-10-000040,8-K,20101028,20101028105019,Results of Operations and Financial Condition
0000009389-10-000040,8-K,20101028,20101028105019,Financial Statements and Exhibits
0000009389-22-000003,8-K,20220127,20220127084620,Results of Operations and Financial Condition
0000009389-22-000003,8-K,20220127,20220127084620,Departure of Directors or Certain Officers; Election of Directors; Appointment of Certain Officers: Compensatory Arrangements of Certain Officers
0000009389-22-000003,8-K,20220127,20220127084620,Financial Statements and Exhibits
0001104659-19-065002,8-K,20191118,20191118130647,Entry into a Material Definitive Agreement
0001104659-19-065002,8-K,20191118,20191118130647,Creation of a Direct Financial Obligation or an Obligation under an Off-Balance Sheet Arrangement of a Registrant
0001104659-19-065002,8-K,20191118,20191118130647,Financial Statements and Exhibits
0000009389-19-000008,8-K,20190215,20190215164908,Other Events
0000009389-19-000004,8-K,20190131,20190131094617,Results of Operations and Financial Condition
0000009389-19-000004,8-K,20190131,20190131094617,Financial Statements and Exhibits
0000009389-11-000036,8-K,20110617,20110617155101,Other Events
0000009389-15-000018,8-K,20151029,20151029105536,Results of Operations and Financial Condition
0000009389-15-000018,8-K,20151029,20151029105536,Amendments to Articles of Incorporation or Bylaws; Change in Fiscal Year
0000009389-15-000018,8-K,20151029,20151029105536,Financial Statements and Exhibits
0001104659-24-023692,8-K,20240214,20240214161817,Other Events
0001104659-24-023692,8-K,20240214,20240214161817,Financial Statements and Exhibits
0001104659-11-025347,8-K,20110503,20110503170613,Other Events
0001104659-11-025347,8-K,20110503,20110503170613,Financial Statements and Exhibits
0001104659-16-114276,8-K,20160426,20160426171915,Entry into a Material Definitive Agreement
0001104659-16-114276,8-K,20160426,20160426171915,Financial Statements and Exhibits
0001104659-22-117208,8-K,20221110,20221110164308,Entry into a Material Definitive Agreement
0001104659-22-117208,8-K,20221110,20221110164308,Financial Statements and Exhibits
0001104659-15-045175,8-K,20150612,20150612172031,Entry into a Material Definitive Agreement
0001104659-15-045175,8-K,20150612,20150612172031,Creation of a Direct Financial Obligation or an Obligation under an Off-Balance Sheet Arrangement of a Registrant
0001104659-15-045175,8-K,20150612,20150612172031,Regulation FD Disclosure
0001104659-15-045175,8-K,20150612,20150612172031,Financial Statements and Exhibits
0000009389-22-000022,8-K,20220926,20220926135026,Completion of Acquisition or Disposition of Assets
0000009389-22-000022,8-K,20220926,20220926135026,Financial Statements and Exhibits
0000009389-12-000018,8-K,20120731,20120731153632,Entry into a Material Definitive Agreement
0001047469-15-005436,8-K,20150615,20150615061337,Other Events
0001047469-15-005436,8-K,20150615,20150615061337,Financial Statements and Exhibits
0000009389-15-000006,8-K,20150430,20150430103446,Results of Operations and Financial Condition
0000009389-15-000006,8-K,20150430,20150430103446,Submission of Matters to a Vote of Security Holders
0000009389-15-000006,8-K,20150430,20150430103446,Financial Statements and Exhibits
0000009389-19-000042,8-K,20191031,20191031083738,Results of Operations and Financial Condition
0000009389-19-000042,8-K,20191031,20191031083738,Financial Statements and Exhibits
0001104659-10-059322,8-K,20101119,20101119144336,Entry into a Material Definitive Agreement
0001104659-10-059322,8-K,20101119,20101119144336,Creation of a Direct Financial Obligation or an Obligation under an Off-Balance Sheet Arrangement of a Registrant
0001104659-10-059322,8-K,20101119,20101119144336,Financial Statements and Exhibits
0000009389-18-000018,8-K,20181101,20181101100406,Results of Operations and Financial Condition
0000009389-18-000018,8-K,20181101,20181101100406,Financial Statements and Exhibits
0000009389-24-000020,8-K,20240216,20240216145355,Financial Statements and Exhibits
0000009389-14-000005,8-K,20140324,20140324113816,Departure of Directors or Certain Officers; Election of Directors; Appointment of Certain Officers: Compensatory Arrangements of Certain Officers
0000009389-14-000005,8-K,20140324,20140324113816,Financial Statements and Exhibits
0000009389-24-000003,8-K,20240201,20240201081658,Results of Operations and Financial Condition
0000009389-24-000003,8-K,20240201,20240201081658,Financial Statements and Exhibits
0001104659-16-128799,8-K,20160622,20160622130015,Other Events
0001104659-16-128799,8-K,20160622,20160622130015,Financial Statements and Exhibits
0000009389-16-000046,8-K,20160805,20160804182631,Departure of Directors or Certain Officers; Election of Directors; Appointment of Certain Officers: Compensatory Arrangements of Certain Officers
0000009389-16-000046,8-K,20160805,20160804182631,Amendments to Articles of Incorporation or Bylaws; Change in Fiscal Year
0000009389-16-000046,8-K,20160805,20160804182631,Financial Statements and Exhibits
0000009389-19-000006,8-K,20190211,20190211114113,Other Events
0000009389-17-000016,8-K,20170504,20170504105243,Results of Operations and Financial Condition
0000009389-17-000016,8-K,20170504,20170504105243,Financial Statements and Exhibits
0000009389-20-000010,8-K,20200430,20200430113111,Submission of Matters to a Vote of Security Holders
0000009389-20-000010,8-K,20200430,20200430113111,Other Events
0000009389-10-000026,8-K,20100621,20100621132940,Cost Associated with Exit or Disposal Activities
0000009389-10-000026,8-K,20100621,20100621132940,Financial Statements and Exhibits
0000009389-19-000050,8-K,20191209,20191209165007,Other Events
0000009389-19-000028,8-K,20190702,20190701183728,Departure of Directors or Certain Officers; Election of Directors; Appointment of Certain Officers: Compensatory Arrangements of Certain Officers
0000009389-19-000028,8-K,20190702,20190701183728,Amendments to Articles of Incorporation or Bylaws; Change in Fiscal Year
0000009389-11-000049,8-K,20111215,20111215133555,Other Events
0000009389-11-000042,8-K,20110728,20110728103727,Results of Operations and Financial Condition
0000009389-11-000042,8-K,20110728,20110728103727,Amendments to Articles of Incorporation or Bylaws; Change in Fiscal Year
0000009389-11-000042,8-K,20110728,20110728103727,Financial Statements and Exhibits
0000009389-24-000036,8-K,20241031,20241031081135,Results of Operations and Financial Condition
0000009389-24-000036,8-K,20241031,20241031081135,Financial Statements and Exhibits
0000009389-17-000031,8-K,20170822,20170822171524,Entry into a Material Definitive Agreement
0000009389-17-000031,8-K,20170822,20170822171524,Regulation FD Disclosure
0000009389-17-000031,8-K,20170822,20170822171524,Other Events
0000009389-25-000002,8-K,20250204,20250204081714,Results of Operations and Financial Condition
0000009389-25-000002,8-K,20250204,20250204081714,Financial Statements and Exhibits
0000009389-16-000042,8-K,20160801,20160801125250,Departure of Directors or Certain Officers; Election of Directors; Appointment of Certain Officers: Compensatory Arrangements of Certain Officers
0000009389-20-000055,8-K,20201208,20201208162556,Other Events
0000009389-17-000006,8-K,20170210,20170210160018,Other Events
0000009389-23-000020,8-K,20230504,20230504083046,Results of Operations and Financial Condition
0000009389-23-000020,8-K,20230504,20230504083046,Financial Statements and Exhibits
0000009389-23-000017,8-K,20230427,20230427171654,Amendments to Articles of Incorporation or Bylaws; Change in Fiscal Year
0000009389-23-000017,8-K,20230427,20230427171654,Submission of Matters to a Vote of Security Holders
0000009389-23-000017,8-K,20230427,20230427171654,Financial Statements and Exhibits
0001558370-18-001527,8-K,20180306,20180306075726,Other Events
0001558370-18-001527,8-K,20180306,20180306075726,Financial Statements and Exhibits
0000009389-23-000014,8-K,20230310,20230310172156,Departure of Directors or Certain Officers; Election of Directors; Appointment of Certain Officers: Compensatory Arrangements of Certain Officers
0000009389-23-000014,8-K,20230310,20230310172156,Financial Statements and Exhibits
0000009389-16-000048,8-K,20161103,20161103104837,Results of Operations and Financial Condition
0000009389-16-000048,8-K,20161103,20161103104837,Financial Statements and Exhibits
0000009389-23-000031,8-K,20230822,20230822162059,Entry into a Material Definitive Agreement
0000009389-23-000031,8-K,20230822,20230822162059,Other Events
0000009389-23-000031,8-K,20230822,20230822162059,Financial Statements and Exhibits
0000009389-18-000009,8-K,20180503,20180503104830,Results of Operations and Financial Condition
0000009389-18-000009,8-K,20180503,20180503104830,Financial Statements and Exhibits
0000009389-12-000025,8-K,20121108,20121108164348,Departure of Directors or Certain Officers; Election of Directors; Appointment of Certain Officers: Compensatory Arrangements of Certain Officers
0000009389-12-000025,8-K,20121108,20121108164348,Financial Statements and Exhibits
0000009389-21-000187,8-K,20211028,20211028172900,Departure of Directors or Certain Officers; Election of Directors; Appointment of Certain Officers: Compensatory Arrangements of Certain Officers
0000009389-21-000187,8-K,20211028,20211028172900,Amendments to Articles of Incorporation or Bylaws; Change in Fiscal Year
0000009389-11-000012,8-K,20110228,20110225174833,Other Events
0000009389-14-000003,8-K,20140130,20140130103902,Results of Operations and Financial Condition
0000009389-14-000003,8-K,20140130,20140130103902,Amendments to Articles of Incorporation or Bylaws; Change in Fiscal Year
0000009389-14-000003,8-K,20140130,20140130103902,Financial Statements and Exhibits
0000009389-16-000029,8-K,20160428,20160428104741,Results of Operations and Financial Condition
0000009389-16-000029,8-K,20160428,20160428104741,Submission of Matters to a Vote of Security Holders
0000009389-16-000029,8-K,20160428,20160428104741,Financial Statements and Exhibits
0000009389-17-000022,8-K,20170616,20170616162637,Other Events
0000009389-19-000017,8-K,20190424,20190424172847,Departure of Directors or Certain Officers; Election of Directors; Appointment of Certain Officers: Compensatory Arrangements of Certain Officers
0000009389-19-000017,8-K,20190424,20190424172847,Amendments to Articles of Incorporation or Bylaws; Change in Fiscal Year
0000009389-19-000017,8-K,20190424,20190424172847,Submission of Matters to a Vote of Security Holders
0000009389-19-000017,8-K,20190424,20190424172847,Other Events
0001104659-13-042019,8-K,20130515,20130515171311,Other Events
0001104659-13-042019,8-K,20130515,20130515171311,Financial Statements and Exhibits
0001341004-10-002124,8-K,20101223,20101223124926,Entry into a Material Definitive Agreement
0000009389-22-000008,8-K,20220329,20220328180310,Other Events
0000009389-22-000008,8-K,20220329,20220328180310,Financial Statements and Exhibits
0000009389-24-000031,8-K,20240801,20240801080929,Results of Operations and Financial Condition
0000009389-24-000031,8-K,20240801,20240801080929,Financial Statements and Exhibits
0000009389-18-000020,8-K,20181213,20181213094427,Other Events
0000009389-18-000020,8-K,20181213,20181213094427,Financial Statements and Exhibits
0000009389-22-000025,8-K,20221103,20221103082837,Results of Operations and Financial Condition
0000009389-22-000025,8-K,20221103,20221103082837,Financial Statements and Exhibits
0001104659-20-094677,8-K,20200813,20200813161315,Entry into a Material Definitive Agreement
0001104659-20-094677,8-K,20200813,20200813161315,Creation of a Direct Financial Obligation or an Obligation under an Off-Balance Sheet Arrangement of a Registrant
0001104659-20-094677,8-K,20200813,20200813161315,Financial Statements and Exhibits
0000009389-22-000014,8-K,20220505,20220505082230,Results of Operations and Financial Condition
0000009389-22-000014,8-K,20220505,20220505082230,Financial Statements and Exhibits
0000009389-17-000034,8-K,20170901,20170901142419,Cost Associated with Exit or Disposal Activities
0000009389-17-000034,8-K,20170901,20170901142419,Financial Statements and Exhibits
0001104659-15-083447,8-K,20151208,20151207211338,Entry into a Material Definitive Agreement
0001104659-15-083447,8-K,20151208,20151207211338,Regulation FD Disclosure
0001104659-15-083447,8-K,20151208,20151207211338,Financial Statements and Exhibits
0000009389-21-000123,8-K,20210805,20210805084806,Results of Operations and Financial Condition
0000009389-21-000123,8-K,20210805,20210805084806,Other Events
0000009389-21-000123,8-K,20210805,20210805084806,Financial Statements and Exhibits
0000009389-17-000026,8-K,20170727,20170727140734,Cost Associated with Exit or Disposal Activities
0000009389-17-000039,8-K,20171102,20171102102913,Results of Operations and Financial Condition
0000009389-17-000039,8-K,20171102,20171102102913,Financial Statements and Exhibits
0001104659-23-059166,8-K,20230511,20230511163034,Entry into a Material Definitive Agreement
0001104659-23-059166,8-K,20230511,20230511163034,Creation of a Direct Financial Obligation or an Obligation under an Off-Balance Sheet Arrangement of a Registrant
0001104659-23-059166,8-K,20230511,20230511163034,Financial Statements and Exhibits
0001104659-15-085193,8-K,20151216,20151216161640,Entry into a Material Definitive Agreement
0001104659-15-085193,8-K,20151216,20151216161640,Creation of a Direct Financial Obligation or an Obligation under an Off-Balance Sheet Arrangement of a Registrant
0001104659-15-085193,8-K,20151216,20151216161640,Other Events
0001104659-15-085193,8-K,20151216,20151216161640,Financial Statements and Exhibits
0000009389-10-000047,8-K,20101110,20101110112954,Departure of Directors or Certain Officers; Election of Directors; Appointment of Certain Officers: Compensatory Arrangements of Certain Officers
0000009389-20-000004,8-K,20200206,20200206085253,Results of Operations and Financial Condition
0000009389-20-000004,8-K,20200206,20200206085253,Financial Statements and Exhibits
0000009389-24-000017,8-K,20240216,20240216113447,Completion of Acquisition or Disposition of Assets
0000009389-24-000017,8-K,20240216,20240216113447,Financial Statements and Exhibits
0000009389-17-000011,8-K,20170427,20170427150737,Submission of Matters to a Vote of Security Holders
0000009389-17-000011,8-K,20170427,20170427150737,Other Events
0001104659-16-113825,8-K,20160425,20160425171025,Regulation FD Disclosure
0001104659-16-113825,8-K,20160425,20160425171025,Financial Statements and Exhibits
0000009389-19-000020,8-K,20190502,20190502090336,Results of Operations and Financial Condition
0000009389-19-000020,8-K,20190502,20190502090336,Financial Statements and Exhibits
0000009389-12-000015,8-K,20120726,20120726103927,Results of Operations and Financial Condition
0000009389-12-000015,8-K,20120726,20120726103927,Financial Statements and Exhibits
0000009389-11-000020,8-K,20110428,20110428104623,Results of Operations and Financial Condition
0000009389-11-000020,8-K,20110428,20110428104623,Submission of Matters to a Vote of Security Holders
0000009389-11-000020,8-K,20110428,20110428104623,Financial Statements and Exhibits
0001104659-16-106383,8-K,20160318,20160318171810,Entry into a Material Definitive Agreement
0001104659-16-106383,8-K,20160318,20160318171810,Termination of a Material Definitive Agreement
0001104659-16-106383,8-K,20160318,20160318171810,Creation of a Direct Financial Obligation or an Obligation under an Off-Balance Sheet Arrangement of a Registrant
0001104659-16-106383,8-K,20160318,20160318171810,Financial Statements and Exhibits
0001104659-15-034792,8-K,20150506,20150506143816,Entry into a Material Definitive Agreement
0001104659-15-034792,8-K,20150506,20150506143816,Creation of a Direct Financial Obligation or an Obligation under an Off-Balance Sheet Arrangement of a Registrant
0001104659-15-034792,8-K,20150506,20150506143816,Regulation FD Disclosure
0001104659-15-034792,8-K,20150506,20150506143816,Other Events
0001104659-15-034792,8-K,20150506,20150506143816,Financial Statements and Exhibits
0001104659-13-048234,8-K,20130611,20130611104317,Other Events
0000009389-21-000078,8-K,20210401,20210401104849,Other Events
0000009389-10-000035,8-K,20100729,20100729101640,Results of Operations and Financial Condition
0000009389-10-000035,8-K,20100729,20100729101640,Financial Statements and Exhibits
0001104659-13-044286,8-K,20130523,20130523154327,Entry into a Material Definitive Agreement
0001104659-13-044286,8-K,20130523,20130523154327,Financial Statements and Exhibits
0000009389-14-000007,8-K,20140501,20140501102901,Results of Operations and Financial Condition
0000009389-14-000007,8-K,20140501,20140501102901,Submission of Matters to a Vote of Security Holders
0000009389-14-000007,8-K,20140501,20140501102901,Financial Statements and Exhibits
0001558370-22-010439,8-K,20220629,20220629153205,Entry into a Material Definitive Agreement
0001558370-22-010439,8-K,20220629,20220629153205,Creation of a Direct Financial Obligation or an Obligation under an Off-Balance Sheet Arrangement of a Registrant
0001558370-22-010439,8-K,20220629,20220629153205,Financial Statements and Exhibits
0000009389-18-000007,8-K,20180427,20180427164949,Amendments to Articles of Incorporation or Bylaws; Change in Fiscal Year
0000009389-18-000007,8-K,20180427,20180427164949,Submission of Matters to a Vote of Security Holders
0000009389-18-000007,8-K,20180427,20180427164949,Other Events
0000009389-24-000008,8-K,20240214,20240214080453,Other Events
0000009389-24-000008,8-K,20240214,20240214080453,Financial Statements and Exhibits
0000009389-17-000029,8-K,20170803,20170803104228,Results of Operations and Financial Condition
0000009389-17-000029,8-K,20170803,20170803104228,Financial Statements and Exhibits
0000009389-23-000024,8-K,20230803,20230803083704,Results of Operations and Financial Condition
0000009389-23-000024,8-K,20230803,20230803083704,Financial Statements and Exhibits
0000009389-15-000012,8-K,20150626,20150626164749,Amendments to Articles of Incorporation or Bylaws; Change in Fiscal Year
0000009389-15-000012,8-K,20150626,20150626164749,Financial Statements and Exhibits
0000009389-16-000051,8-K,20161213,20161213091119,Departure of Directors or Certain Officers; Election of Directors; Appointment of Certain Officers: Compensatory Arrangements of Certain Officers
0000009389-16-000051,8-K,20161213,20161213091119,Financial Statements and Exhibits
0000009389-23-000004,8-K,20230126,20230126170750,Amendments to Articles of Incorporation or Bylaws; Change in Fiscal Year
0000009389-23-000004,8-K,20230126,20230126170750,Financial Statements and Exhibits
0000009389-22-000017,8-K,20220804,20220804083803,Results of Operations and Financial Condition
0000009389-22-000017,8-K,20220804,20220804083803,Cost Associated with Exit or Disposal Activities
0000009389-22-000017,8-K,20220804,20220804083803,Financial Statements and Exhibits
0000009389-10-000014,8-K,20100429,20100429105237,Results of Operations and Financial Condition
0000009389-10-000014,8-K,20100429,20100429105237,Departure of Directors or Certain Officers; Election of Directors; Appointment of Certain Officers: Compensatory Arrangements of Certain Officers
0000009389-10-000014,8-K,20100429,20100429105237,Amendments to Articles of Incorporation or Bylaws; Change in Fiscal Year
0000009389-10-000014,8-K,20100429,20100429105237,Financial Statements and Exhibits
0000009389-19-000031,8-K,20190801,20190801090023,Results of Operations and Financial Condition
0000009389-19-000031,8-K,20190801,20190801090023,Financial Statements and Exhibits
0001104659-12-014677,8-K,20120229,20120229172423,Entry into a Material Definitive Agreement
0001104659-12-014677,8-K,20120229,20120229172423,Financial Statements and Exhibits
0000009389-13-000020,8-K,20130725,20130725104922,Results of Operations and Financial Condition
0000009389-13-000020,8-K,20130725,20130725104922,Financial Statements and Exhibits
0000009389-23-000038,8-K,20230911,20230911163747,Departure of Directors or Certain Officers; Election of Directors; Appointment of Certain Officers: Compensatory Arrangements of Certain Officers
0000009389-23-000038,8-K,20230911,20230911163747,Regulation FD Disclosure
0000009389-23-000038,8-K,20230911,20230911163747,Financial Statements and Exhibits
0001104659-19-017137,8-K,20190325,20190325161322,Entry into a Material Definitive Agreement
0001104659-19-017137,8-K,20190325,20190325161322,Creation of a Direct Financial Obligation or an Obligation under an Off-Balance Sheet Arrangement of a Registrant
0001104659-19-017137,8-K,20190325,20190325161322,Financial Statements and Exhibits
0000009389-23-000008,8-K,20230202,20230202081409,Results of Operations and Financial Condition
0000009389-23-000008,8-K,20230202,20230202081409,Financial Statements and Exhibits
0000009389-14-000011,8-K,20140731,20140731103535,Results of Operations and Financial Condition
0000009389-14-000011,8-K,20140731,20140731103535,Financial Statements and Exhibits
0000009389-11-000030,8-K,20110525,20110525155051,Departure of Directors or Certain Officers; Election of Directors; Appointment of Certain Officers: Compensatory Arrangements of Certain Officers
0000009389-11-000030,8-K,20110525,20110525155051,Financial Statements and Exhibits
0001104659-15-012177,8-K,20150219,20150219172413,Entry into a Material Definitive Agreement
0001104659-15-012177,8-K,20150219,20150219172413,Creation of a Direct Financial Obligation or an Obligation under an Off-Balance Sheet Arrangement of a Registrant
0001104659-15-012177,8-K,20150219,20150219172413,Other Events
0001104659-15-012177,8-K,20150219,20150219172413,Financial Statements and Exhibits
0000009389-13-000004,8-K,20130131,20130131105504,Results of Operations and Financial Condition
0000009389-13-000004,8-K,20130131,20130131105504,Departure of Directors or Certain Officers; Election of Directors; Appointment of Certain Officers: Compensatory Arrangements of Certain Officers
0000009389-13-000004,8-K,20130131,20130131105504,Other Events
0000009389-13-000004,8-K,20130131,20130131105504,Financial Statements and Exhibits
0000009389-20-000029,8-K,20201106,20201106093637,Departure of Directors or Certain Officers; Election of Directors; Appointment of Certain Officers: Compensatory Arrangements of Certain Officers
0000009389-20-000029,8-K,20201106,20201106093637,Financial Statements and Exhibits
0000009389-22-000010,8-K,20220503,20220503114322,Departure of Directors or Certain Officers; Election of Directors; Appointment of Certain Officers: Compensatory Arrangements of Certain Officers
0000009389-22-000010,8-K,20220503,20220503114322,Amendments to Articles of Incorporation or Bylaws; Change in Fiscal Year
0000009389-22-000010,8-K,20220503,20220503114322,Submission of Matters to a Vote of Security Holders
0000009389-22-000010,8-K,20220503,20220503114322,Other Events
0000009389-22-000010,8-K,20220503,20220503114322,Financial Statements and Exhibits
0000009389-24-000034,8-K,20241025,20241025084222,Amendments to Articles of Incorporation or Bylaws; Change in Fiscal Year
0000009389-24-000034,8-K,20241025,20241025084222,Financial Statements and Exhibits
0000009389-18-000012,8-K,20180802,20180802103233,Results of Operations and Financial Condition
0000009389-18-000012,8-K,20180802,20180802103233,Financial Statements and Exhibits
0000009389-21-000080,8-K,20210429,20210429101318,Submission of Matters to a Vote of Security Holders
0000009389-21-000080,8-K,20210429,20210429101318,Other Events
0000009389-21-000080,8-K,20210429,20210429101318,Financial Statements and Exhibits
0000009389-12-000005,8-K,20120314,20120314172940,Submission of Matters to a Vote of Security Holders
0000009389-21-000103,8-K,20210506,20210506083638,Results of Operations and Financial Condition
0000009389-21-000103,8-K,20210506,20210506083638,Financial Statements and Exhibits
0000009389-23-000028,8-K,20230817,20230817085154,Regulation FD Disclosure
0000009389-23-000028,8-K,20230817,20230817085154,Financial Statements and Exhibits
0000009389-20-000018,8-K,20200806,20200806082915,Results of Operations and Financial Condition
0000009389-20-000018,8-K,20200806,20200806082915,Financial Statements and Exhibits
0001104659-18-016359,8-K,20180309,20180309162250,Entry into a Material Definitive Agreement
0001104659-18-016359,8-K,20180309,20180309162250,Creation of a Direct Financial Obligation or an Obligation under an Off-Balance Sheet Arrangement of a Registrant
0001104659-18-016359,8-K,20180309,20180309162250,Financial Statements and Exhibits
0000009389-12-000020,8-K,20120815,20120815170941,Cost Associated with Exit or Disposal Activities
0000009389-12-000020,8-K,20120815,20120815170941,Financial Statements and Exhibits
0000009389-12-000023,8-K,20121025,20121025091725,Results of Operations and Financial Condition
0000009389-12-000023,8-K,20121025,20121025091725,Financial Statements and Exhibits
0000009389-18-000005,8-K,20180220,20180220123202,Other Events
0001558370-24-008874,8-K,20240604,20240603190201,Departure of Directors or Certain Officers; Election of Directors; Appointment of Certain Officers: Compensatory Arrangements of Certain Officers
0001558370-24-008874,8-K,20240604,20240603190201,Amendments to Articles of Incorporation or Bylaws; Change in Fiscal Year
0001104659-15-035012,8-K,20150507,20150506185904,Regulation FD Disclosure
0001104659-15-035012,8-K,20150507,20150506185904,Other Events
0001104659-15-035012,8-K,20150507,20150506185904,Financial Statements and Exhibits
0000929638-24-002593,8-K,20240725,20240725170329,Departure of Directors or Certain Officers; Election of Directors; Appointment of Certain Officers: Compensatory Arrangements of Certain Officers
0000009389-20-000013,8-K,20200507,20200507085626,Results of Operations and Financial Condition
0000009389-20-000013,8-K,20200507,20200507085626,Financial Statements and Exhibits
0001104659-15-059471,8-K,20150813,20150813132246,Regulation FD Disclosure
0001104659-15-059471,8-K,20150813,20150813132246,Financial Statements and Exhibits
0001104659-24-034626,8-K,20240315,20240314190409,Other Events
0001104659-24-034626,8-K,20240315,20240314190409,Financial Statements and Exhibits
0000009389-23-000034,8-K,20230901,20230901090247,Changes in Control of Registrant
0000009389-23-000034,8-K,20230901,20230901090247,Financial Statements and Exhibits
0001104659-13-042786,8-K,20130517,20130517142645,Entry into a Material Definitive Agreement
0001104659-13-042786,8-K,20130517,20130517142645,Creation of a Direct Financial Obligation or an Obligation under an Off-Balance Sheet Arrangement of a Registrant
0001104659-13-042786,8-K,20130517,20130517142645,Financial Statements and Exhibits
0000009389-11-000005,8-K,20110127,20110127095129,Results of Operations and Financial Condition
0000009389-11-000005,8-K,20110127,20110127095129,Cost Associated with Exit or Disposal Activities
0000009389-11-000005,8-K,20110127,20110127095129,Other Events
0000009389-11-000005,8-K,20110127,20110127095129,Financial Statements and Exhibits
0000009389-18-000003,8-K,20180207,20180207103824,Results of Operations and Financial Condition
0000009389-18-000003,8-K,20180207,20180207103824,Financial Statements and Exhibits
0001104659-18-021606,8-K,20180402,20180402072949,Departure of Directors or Certain Officers; Election of Directors; Appointment of Certain Officers: Compensatory Arrangements of Certain Officers
0001104659-18-021606,8-K,20180402,20180402072949,Other Events
0001104659-20-090385,8-K,20200804,20200804172023,Entry into a Material Definitive Agreement
0001104659-20-090385,8-K,20200804,20200804172023,Creation of a Direct Financial Obligation or an Obligation under an Off-Balance Sheet Arrangement of a Registrant
0001104659-20-090385,8-K,20200804,20200804172023,Financial Statements and Exhibits
0001104659-15-081666,8-K,20151127,20151127113338,Other Events
0001104659-15-081666,8-K,20151127,20151127113338,Financial Statements and Exhibits
0001104659-18-041569,8-K,20180621,20180621170735,Regulation FD Disclosure
0001104659-18-041569,8-K,20180621,20180621170735,Financial Statements and Exhibits
0000009389-15-000003,8-K,20150205,20150205104747,Results of Operations and Financial Condition
0000009389-15-000003,8-K,20150205,20150205104747,Amendments to Articles of Incorporation or Bylaws; Change in Fiscal Year
0000009389-15-000003,8-K,20150205,20150205104747,Financial Statements and Exhibits
0001104659-16-126627,8-K,20160610,20160610165530,Entry into a Material Definitive Agreement
0001104659-16-126627,8-K,20160610,20160610165530,Financial Statements and Exhibits
0001104659-13-049317,8-K,20130614,20130614154457,Entry into a Material Definitive Agreement
0001104659-13-049317,8-K,20130614,20130614154457,Financial Statements and Exhibits
0000009389-21-000155,8-K,20210916,20210916160858,Departure of Directors or Certain Officers; Election of Directors; Appointment of Certain Officers: Compensatory Arrangements of Certain Officers
0000009389-21-000155,8-K,20210916,20210916160858,Financial Statements and Exhibits
0000009389-24-000024,8-K,20240424,20240424130716,Submission of Matters to a Vote of Security Holders
0000009389-24-000024,8-K,20240424,20240424130716,Financial Statements and Exhibits
0001104659-15-047681,8-K,20150625,20150625170021,Entry into a Material Definitive Agreement
0001104659-15-047681,8-K,20150625,20150625170021,Creation of a Direct Financial Obligation or an Obligation under an Off-Balance Sheet Arrangement of a Registrant
0001104659-15-047681,8-K,20150625,20150625170021,Other Events
0001104659-15-047681,8-K,20150625,20150625170021,Financial Statements and Exhibits
0001047469-16-013223,8-K,20160517,20160517111604,Regulation FD Disclosure
0001047469-16-013223,8-K,20160517,20160517111604,Financial Statements and Exhibits
0000009389-16-000037,8-K,20160630,20160630162143,Regulation FD Disclosure
0000009389-16-000037,8-K,20160630,20160630162143,Financial Statements and Exhibits
0001104659-12-017147,8-K,20120309,20120309170345,Entry into a Material Definitive Agreement
0001104659-12-017147,8-K,20120309,20120309170345,Creation of a Direct Financial Obligation or an Obligation under an Off-Balance Sheet Arrangement of a Registrant
0001104659-12-017147,8-K,20120309,20120309170345,Financial Statements and Exhibits
0001104659-22-122126,8-K,20221125,20221125164537,Entry into a Material Definitive Agreement
0001104659-22-122126,8-K,20221125,20221125164537,Creation of a Direct Financial Obligation or an Obligation under an Off-Balance Sheet Arrangement of a Registrant
0001104659-22-122126,8-K,20221125,20221125164537,Financial Statements and Exhibits
0000009389-24-000027,8-K,20240426,20240426082306,Results of Operations and Financial Condition
0000009389-24-000027,8-K,20240426,20240426082306,Financial Statements and Exhibits
0000009389-20-000026,8-K,20201105,20201105083817,Results of Operations and Financial Condition
0000009389-20-000026,8-K,20201105,20201105083817,Financial Statements and Exhibits
0001104659-16-097390,10-K,20160216,20160216165403,
0001558370-19-000909,10-K,20190222,20190222151723,
0000009389-11-000014,10-K,20110228,20110228165048,
0001558370-20-001005,10-K,20200219,20200219172047,
0000009389-23-000011,10-K,20230221,20230221130617,
0001558370-25-001190,10-K,20250220,20250220111247,
0001104659-13-013165,10-K,20130222,20130222134842,
0001558370-17-001300,10-K,20170302,20170302172135,
0001104659-15-012578,10-K,20150220,20150220150526,
0001558370-18-001345,10-K,20180301,20180228215822,
0001104659-12-011588,10-K,20120222,20120222133927,
0001558370-22-001251,10-K,20220216,20220216131610,
0001558370-21-001121,10-K,20210217,20210217120234,
0001104659-14-012614,10-K,20140224,20140224131142,
0001558370-24-001349,10-K,20240220,20240220124505,
0001104659-17-013446,NT 10-K,20170302,20170302154627,
0001558370-19-003945,10-Q,20190503,20190503133911,
0001104659-11-061640,10-Q,20111107,20111107162235,
0001558370-17-006434,10-Q,20170809,20170809162937,
0001104659-15-074526,10-Q,20151030,20151030161402,
0000009389-10-000045,10-Q,20101104,20101103192712,
0001558370-22-012269,10-Q,20220804,20220804165119,
0001104659-14-075893,10-Q,20141103,20141103132050,
0001104659-11-045389,10-Q,20110809,20110809162425,
0001558370-18-008348,10-Q,20181102,20181102130847,
0000009389-11-000025,10-Q,20110510,20110510131627,
0000009389-10-000038,10-Q,20100804,20100804165815,
0000009389-10-000020,10-Q,20100430,20100430152812,
0001558370-23-008025,10-Q,20230504,20230504123044,
0001558370-20-013072,10-Q,20201106,20201106122751,
0001558370-23-013128,10-Q,20230803,20230803125227,
0001104659-15-036329,10-Q,20150508,20150508172323,
0001558370-17-003696,10-Q,20170508,20170505184318,
0001558370-22-016282,10-Q,20221103,20221103164054,
0001558370-19-009677,10-Q,20191101,20191101135654,
0001104659-13-059917,10-Q,20130805,20130805170957,
0001104659-16-116161,10-Q,20160429,20160429154254,
0001104659-12-054099,10-Q,20120803,20120803142648,
0001104659-14-059306,10-Q,20140811,20140811141505,
0001558370-16-009692,10-Q,20161108,20161108163921,
0001558370-18-006348,10-Q,20180803,20180803152653,
0001558370-17-008225,10-Q,20171106,20171106155058,
0001104659-13-079205,10-Q,20131030,20131030152634,
0001558370-24-006975,10-Q,20240507,20240507131042,
0001558370-24-014033,10-Q,20241031,20241031132558,
0001558370-16-007939,10-Q,20160812,20160811194128,
0001558370-21-014796,10-Q,20211105,20211105134830,
0001558370-22-007145,10-Q,20220505,20220504182057,
0001104659-12-076485,10-Q,20121109,20121109130615,
0001558370-18-004021,10-Q,20180504,20180504160007,
0001558370-20-005980,10-Q,20200508,20200508154333,
0001104659-13-037474,10-Q,20130506,20130506111228,
0001558370-24-010565,10-Q,20240801,20240801122741,
0001558370-21-006461,10-Q,20210507,20210507143924,
0001558370-21-010779,10-Q,20210806,20210806135723,
0001104659-12-033750,10-Q,20120507,20120507145815,
0001558370-20-009904,10-Q,20200807,20200807144759,
0001558370-23-017394,10-Q,20231102,20231102151932,
0001104659-15-055260,10-Q,20150731,20150731164059,
0001104659-14-034088,10-Q,20140502,20140502160159,
0001558370-19-006925,10-Q,20190802,20190802134102,
0001104659-16-138228,NT 10-Q,20160809,20160809140402,
0001104659-24-033725,DEF 14A,20240313,20240313070354,
0001047469-10-002132,DEF 14A,20100312,20100312144741,
0001047469-14-002237,DEF 14A,20140313,20140312182414,
0001104659-21-036061,DEF 14A,20210315,20210315113726,
0001104659-22-033915,DEF 14A,20220315,20220315160156,
0001047469-19-001127,DEF 14A,20190312,20190312123502,
0001047469-16-011089,DEF 14A,20160314,20160314104227,
0001104659-23-033082,DEF 14A,20230316,20230316081919,
0001144204-18-014563,DEF 14A,20180314,20180314134225,
0001047469-17-001603,DEF 14A,20170315,20170315115221,
0001047469-12-002359,DEF 14A,20120309,20120309132104,
0001047469-11-002048,DEF 14A,20110311,20110311162638,
0001047469-20-001526,DEF 14A,20200316,20200316162401,
0001047469-15-002230,DEF 14A,20150316,20150316111318,
0001047469-13-002436,DEF 14A,20130308,20130308163318,
